{"cameraMode":{"drawMode":0,"name":"Shaded","section":"Shading Mode"},"sceneLighting":false,"audioPlay":false,"sceneViewState":{"showFog":true,"showMaterialUpdate":false,"showSkybox":false,"showFlares":true,"showImageEffects":true,"showParticleSystems":true},"in2DMode":false,"pivot":{"x":0.0,"y":0.04800362512469292,"z":0.005399608984589577},"rotation":{"x":0.05085200443863869,"y":-0.3989117443561554,"z":0.022162357345223428,"w":0.9153109192848206},"size":0.05279877036809921,"orthographic":false}