{"cameraMode":{"drawMode":0,"name":"Shaded","section":"Shading Mode"},"sceneLighting":false,"audioPlay":false,"sceneViewState":{"showFog":true,"showMaterialUpdate":false,"showSkybox":false,"showFlares":true,"showImageEffects":true,"showParticleSystems":true},"in2DMode":false,"pivot":{"x":1.4900000095367432,"y":1.6699999570846558,"z":-2.180000066757202},"rotation":{"x":0.15752588212490083,"y":-0.8379673957824707,"z":0.31669142842292788,"w":0.4157722592353821},"size":3.5399794578552248,"orthographic":false}