{"cameraMode":{"drawMode":0,"name":"Shaded","section":"Shading Mode"},"sceneLighting":false,"audioPlay":false,"sceneViewState":{"showFog":true,"showMaterialUpdate":false,"showSkybox":true,"showFlares":true,"showImageEffects":true,"showParticleSystems":true},"in2DMode":false,"pivot":{"x":-0.29607486724853518,"y":3.442362070083618,"z":5.183959007263184},"rotation":{"x":0.04023066163063049,"y":0.20330527424812318,"z":0.008361205458641053,"w":-0.9782545566558838},"size":6.449958324432373,"orthographic":false}