{"cameraMode":{"drawMode":0,"name":"Shaded","section":"Shading Mode"},"sceneLighting":false,"audioPlay":false,"sceneViewState":{"showFog":true,"showMaterialUpdate":false,"showSkybox":true,"showFlares":true,"showImageEffects":true,"showParticleSystems":true},"in2DMode":false,"pivot":{"x":-26.410558700561525,"y":0.8657528162002564,"z":-9.404224395751954},"rotation":{"x":0.021511349827051164,"y":-0.9535507559776306,"z":0.07021249085664749,"w":0.29214543104171755},"size":1.6366569995880128,"orthographic":false}