{"cameraMode":{"drawMode":0,"name":"Shaded","section":"Shading Mode"},"sceneLighting":false,"audioPlay":false,"sceneViewState":{"showFog":true,"showMaterialUpdate":false,"showSkybox":true,"showFlares":true,"showImageEffects":true,"showParticleSystems":true},"in2DMode":false,"pivot":{"x":-17.160783767700197,"y":1.7942055463790894,"z":39.478477478027347},"rotation":{"x":0.021837372332811357,"y":0.9590994715690613,"z":-0.2716476321220398,"w":0.07732541114091873},"size":0.9466044306755066,"orthographic":false}