{"cameraMode":{"drawMode":0,"name":"Shaded","section":"Shading Mode"},"sceneLighting":false,"audioPlay":false,"sceneViewState":{"showFog":true,"showMaterialUpdate":false,"showSkybox":true,"showFlares":true,"showImageEffects":true,"showParticleSystems":true},"in2DMode":false,"pivot":{"x":5.102951526641846,"y":0.2366255521774292,"z":4.3455491065979},"rotation":{"x":0.3739573657512665,"y":0.023354673758149148,"z":-0.009420064277946949,"w":0.9271095395088196},"size":1.3393397331237794,"orthographic":false}