{"cameraMode":{"drawMode":0,"name":"Shaded","section":"Shading Mode"},"sceneLighting":false,"audioPlay":false,"sceneViewState":{"showFog":true,"showMaterialUpdate":false,"showSkybox":false,"showFlares":true,"showImageEffects":true,"showParticleSystems":true},"in2DMode":false,"pivot":{"x":-4.849895000457764,"y":1.5983150005340577,"z":4.841736793518066},"rotation":{"x":0.004685648251324892,"y":-0.9813362956047058,"z":0.023850586265325547,"w":0.19081945717334748},"size":1.9643663167953492,"orthographic":false}