{"cameraMode":{"drawMode":0,"name":"Shaded","section":"Shading Mode"},"sceneLighting":false,"audioPlay":false,"sceneViewState":{"showFog":true,"showMaterialUpdate":false,"showSkybox":false,"showFlares":true,"showImageEffects":true,"showParticleSystems":true},"in2DMode":false,"pivot":{"x":-10.3001070022583,"y":6.600000381469727,"z":69.49949645996094},"rotation":{"x":0.24706242978572846,"y":0.21975338459014893,"z":-0.05764562636613846,"w":0.9420002698898315},"size":3.288264751434326,"orthographic":false}