{"cameraMode":{"drawMode":0,"name":"Shaded","section":"Shading Mode"},"sceneLighting":false,"audioPlay":false,"sceneViewState":{"showFog":true,"showMaterialUpdate":false,"showSkybox":true,"showFlares":true,"showImageEffects":true,"showParticleSystems":true},"in2DMode":false,"pivot":{"x":1.9271528720855713,"y":3.879948616027832,"z":3.7586166858673097},"rotation":{"x":-0.026653608307242395,"y":0.054386645555496219,"z":0.0014387405244633556,"w":0.998228132724762},"size":5.6219892501831059,"orthographic":false}