{"cameraMode":{"drawMode":0,"name":"Shaded","section":"Shading Mode"},"sceneLighting":false,"audioPlay":false,"sceneViewState":{"showFog":true,"showMaterialUpdate":false,"showSkybox":true,"showFlares":true,"showImageEffects":true,"showParticleSystems":true},"in2DMode":false,"pivot":{"x":135.38731384277345,"y":44.675445556640628,"z":257.2703552246094},"rotation":{"x":0.15752588212490083,"y":-0.8379673957824707,"z":0.31669142842292788,"w":0.4157722592353821},"size":6.890371322631836,"orthographic":false}