{"cameraMode":{"drawMode":0,"name":"Shaded","section":"Shading Mode"},"sceneLighting":false,"audioPlay":false,"sceneViewState":{"showFog":true,"showMaterialUpdate":false,"showSkybox":true,"showFlares":true,"showImageEffects":true,"showParticleSystems":true},"in2DMode":false,"pivot":{"x":-18.887020111083986,"y":0.7857927083969116,"z":-3.4817404747009279},"rotation":{"x":0.24886323511600495,"y":-0.7050241231918335,"z":0.295110285282135,"w":0.5950009822845459},"size":1.0743498802185059,"orthographic":false}