{"cameraMode":{"drawMode":0,"name":"Shaded","section":"Shading Mode"},"sceneLighting":false,"audioPlay":false,"sceneViewState":{"showFog":true,"showMaterialUpdate":false,"showSkybox":true,"showFlares":true,"showImageEffects":true,"showParticleSystems":true},"in2DMode":false,"pivot":{"x":-36.15435028076172,"y":2.2863364219665529,"z":63.10774230957031},"rotation":{"x":-0.10059258341789246,"y":-0.5528125166893005,"z":0.0676167756319046,"w":-0.8245092630386353},"size":2.9192240238189699,"orthographic":false}