{"cameraMode":{"drawMode":0,"name":"Shaded","section":"Shading Mode"},"sceneLighting":false,"audioPlay":false,"sceneViewState":{"showFog":true,"showMaterialUpdate":false,"showSkybox":false,"showFlares":true,"showImageEffects":true,"showParticleSystems":true},"in2DMode":false,"pivot":{"x":0.0,"y":3.4971261024475099,"z":0.2913587987422943},"rotation":{"x":-0.1759934425354004,"y":-0.13066650927066804,"z":0.023535333573818208,"w":-0.9754453301429749},"size":1.1566153764724732,"orthographic":false}