{"cameraMode":{"drawMode":0,"name":"Shaded","section":"Shading Mode"},"sceneLighting":false,"audioPlay":false,"sceneViewState":{"showFog":true,"showMaterialUpdate":false,"showSkybox":true,"showFlares":true,"showImageEffects":true,"showParticleSystems":true},"in2DMode":false,"pivot":{"x":-1.4353296756744385,"y":0.5250879526138306,"z":3.7819669246673586},"rotation":{"x":-0.08701358735561371,"y":0.43508267402648928,"z":-0.042291559278964999,"w":-0.8951801657676697},"size":3.111644744873047,"orthographic":false}