{"cameraMode":{"drawMode":0,"name":"Shaded","section":"Shading Mode"},"sceneLighting":false,"audioPlay":false,"sceneViewState":{"showFog":true,"showMaterialUpdate":false,"showSkybox":true,"showFlares":true,"showImageEffects":true,"showParticleSystems":true},"in2DMode":false,"pivot":{"x":-25.71756935119629,"y":1.2756539583206177,"z":-9.239628791809082},"rotation":{"x":-0.07872605323791504,"y":-0.29451534152030947,"z":-0.02435259334743023,"w":0.9520888328552246},"size":1.298959732055664,"orthographic":false}